<?xml version="1.0" encoding="UTF-8"?>
<project-private xmlns="http://www.netbeans.org/ns/project-private/1">
    <editor-bookmarks xmlns="http://www.netbeans.org/ns/editor-bookmarks/2" lastBookmarkId="0"/>
    <open-files xmlns="http://www.netbeans.org/ns/projectui-open-files/2">
        <group>
            <file>file:/Z:/SC%20LAB/Software%20Construction/Lab4/src/Lab4_2/Rectangle.java</file>
            <file>file:/Z:/SC%20LAB/Software%20Construction/Lab4/src/Lab4_2/Blue.java</file>
            <file>file:/Z:/SC%20LAB/Software%20Construction/Lab4/src/Lab4_2/Program.java</file>
            <file>file:/Z:/SC%20LAB/Software%20Construction/Lab4/src/Lab4_2/Square.java</file>
            <file>file:/Z:/SC%20LAB/Software%20Construction/Lab4/src/Lab4_2/Color.java</file>
            <file>file:/Z:/SC%20LAB/Software%20Construction/Lab4/src/Lab4_2/ShapeFactory.java</file>
            <file>file:/Z:/SC%20LAB/Software%20Construction/Lab4/src/Lab4_2/Shape.java</file>
            <file>file:/Z:/SC%20LAB/Software%20Construction/Lab4/src/Lab4_2/AbstractFactory.java</file>
            <file>file:/Z:/SC%20LAB/Software%20Construction/Lab4/src/Lab4_2/Green.java</file>
            <file>file:/Z:/SC%20LAB/Software%20Construction/Lab4/src/Lab4_2/FactoryProducer.java</file>
            <file>file:/Z:/SC%20LAB/Software%20Construction/Lab4/src/Lab4_2/ColorFactory.java</file>
            <file>file:/Z:/SC%20LAB/Software%20Construction/Lab4/src/Lab4_2/Circle.java</file>
            <file>file:/Z:/SC%20LAB/Software%20Construction/Lab4/src/Lab4_2/Red.java</file>
        </group>
    </open-files>
</project-private>
