<?xml version="1.0" encoding="UTF-8"?>
<project-private xmlns="http://www.netbeans.org/ns/project-private/1">
    <editor-bookmarks xmlns="http://www.netbeans.org/ns/editor-bookmarks/2" lastBookmarkId="0"/>
    <open-files xmlns="http://www.netbeans.org/ns/projectui-open-files/2">
        <group>
            <file>file:/C:/Users/fa16-bse-084/Documents/NetBeansProjects/Lab_5/src/Lab_5/Sony.java</file>
            <file>file:/C:/Users/fa16-bse-084/Documents/NetBeansProjects/Lab_5/src/Lab_5/Company.java</file>
            <file>file:/C:/Users/fa16-bse-084/Documents/NetBeansProjects/Lab_5/src/Lab_5/BuilderDemo.java</file>
            <file>file:/C:/Users/fa16-bse-084/Documents/NetBeansProjects/Lab_5/src/Lab_5/CDBuilder.java</file>
            <file>file:/C:/Users/fa16-bse-084/Documents/NetBeansProjects/Lab_5/src/Lab_5/Samsung.java</file>
            <file>file:/C:/Users/fa16-bse-084/Documents/NetBeansProjects/Lab_5/src/Lab_5/CD.java</file>
            <file>file:/C:/Users/fa16-bse-084/Documents/NetBeansProjects/Lab_5/src/Lab_5/CDType.java</file>
            <file>file:/C:/Users/fa16-bse-084/Documents/NetBeansProjects/Lab_5/src/Lab_5/Packing.java</file>
        </group>
    </open-files>
</project-private>
