<?xml version="1.0" encoding="UTF-8"?>
<project-private xmlns="http://www.netbeans.org/ns/project-private/1">
    <editor-bookmarks xmlns="http://www.netbeans.org/ns/editor-bookmarks/2" lastBookmarkId="0"/>
    <open-files xmlns="http://www.netbeans.org/ns/projectui-open-files/2">
        <group>
            <file>file:/Z:/SC%20LAB/Software%20Construction/Students/src/Student/GradateStudent.java</file>
            <file>file:/Z:/SC%20LAB/Software%20Construction/Students/src/Student/Student.java</file>
            <file>file:/Z:/SC%20LAB/Software%20Construction/Students/src/Student/UndergraduateStudent.java</file>
            <file>file:/Z:/SC%20LAB/Software%20Construction/Students/src/Student/test.java</file>
        </group>
    </open-files>
</project-private>
